{
  "LLLL": [
    0.3,
    0.2555,
    0.15
  ],
  "LLLM": [
    0.3,
    0.55,
    0.15
  ],
  "LLLH": [
    0.25,
    0.536,
    0.15
  ],
  "LLML": [
    0.3,
    0.55,
    0.15
  ],
  "LLMM": [
    0.3,
    0.429236,
    0.15
  ],
  "LLMH": [
    0.25,
    0.6,
    0.15
  ],
  "LLHL": [
    0.2,
    0.2,
    0.6
  ],
  "LLHM": [
    0.2,
    0.2,
    0.6
  ],
  "LLHH": [
    0.2,
    0.2,
    0.6
  ],
  "LMLL": [
    0.3,
    0.55,
    0.15
  ],
  "LMLM": [
    0.3,
    0.55,
    0.15
  ],
  "LMLH": [
    0.25,
    0.6,
    0.15
  ],
  "LMML": [
    0.3,
    0.55,
    0.15
  ],
  "LMMM": [
    0.3,
    0.55,
    0.15
  ],
  "LMMH": [
    0.25,
    0.6,
    0.15
  ],
  "LMHL": [
    0.2,
    0.2,
    0.6
  ],
  "LMHM": [
    0.2,
    0.2,
    0.6
  ],
  "LMHH": [
    0.2,
    0.2,
    0.6
  ],
  "LHLL": [
    0.2,
    0.65,
    0.15
  ],
  "LHLM": [
    0.2,
    0.65,
    0.15
  ],
  "LHLH": [
    0.25,
    0.6,
    0.15
  ],
  "LHML": [
    0.2,
    0.65,
    0.15
  ],
  "LHMM": [
    0.2,
    0.65,
    0.15
  ],
  "LHMH": [
    0.25,
    0.6,
    0.15
  ],
  "LHHL": [
    0.2,
    0.2,
    0.6
  ],
  "LHHM": [
    0.2,
    0.2,
    0.6
  ],
  "LHHH": [
    0.2,
    0.2,
    0.6
  ],
  "MLLL": [
    0.4,
    0.4,
    0.2
  ],
  "MLLM": [
    0.4,
    0.4,
    0.2
  ],
  "MLLH": [
    0.25,
    0.6,
    0.15
  ],
  "MLML": [
    0.4,
    0.4,
    0.2
  ],
  "MLMM": [
    0.425766,
    0.4,
    0.2
  ],
  "MLMH": [
    0.25,
    0.6,
    0.15
  ],
  "MLHL": [
    0.2,
    0.2,
    0.6
  ],
  "MLHM": [
    0.2,
    0.2,
    0.6
  ],
  "MLHH": [
    0.2,
    0.2,
    0.6
  ],
  "MMLL": [
    0.4,
    0.4,
    0.2
  ],
  "MMLM": [
    0.4,
    0.4,
    0.2
  ],
  "MMLH": [
    0.25,
    0.6,
    0.15
  ],
  "MMML": [
    0.4,
    0.4,
    0.2
  ],
  "MMMM": [
    0.4,
    0.4,
    0.2
  ],
  "MMMH": [
    0.25,
    0.6,
    0.15
  ],
  "MMHL": [
    0.2,
    0.2,
    0.6
  ],
  "MMHM": [
    0.2,
    0.2,
    0.6
  ],
  "MMHH": [
    0.2,
    0.2,
    0.6
  ],
  "MHLL": [
    0.2,
    0.65,
    0.15
  ],
  "MHLM": [
    0.2,
    0.65,
    0.15
  ],
  "MHLH": [
    0.25,
    0.6,
    0.15
  ],
  "MHML": [
    0.2,
    0.65,
    0.15
  ],
  "MHMM": [
    0.2,
    0.65,
    0.15
  ],
  "MHMH": [
    0.25,
    0.6,
    0.15
  ],
  "MHHL": [
    0.2,
    0.2,
    0.6
  ],
  "MHHM": [
    0.2,
    0.2,
    0.6
  ],
  "MHHH": [
    0.2,
    0.2,
    0.6
  ],
  "HLLL": [
    0.727506,
    0.15,
    0.15
  ],
  "HLLM": [
    0.7,
    0.15,
    0.15
  ],
  "HLLH": [
    0.7,
    0.15,
    0.15
  ],
  "HLML": [
    0.7,
    0.15,
    0.15
  ],
  "HLMM": [
    0.7,
    0.15,
    0.15
  ],
  "HLMH": [
    0.7,
    0.15,
    0.15
  ],
  "HLHL": [
    0.7,
    0.15,
    0.15
  ],
  "HLHM": [
    0.7,
    0.15,
    0.15
  ],
  "HLHH": [
    0.7,
    0.15,
    0.15
  ],
  "HMLL": [
    0.7,
    0.15,
    0.15
  ],
  "HMLM": [
    0.71752,
    0.15,
    0.15
  ],
  "HMLH": [
    0.7,
    0.15,
    0.15
  ],
  "HMML": [
    0.7,
    0.15,
    0.15
  ],
  "HMMM": [
    0.7,
    0.15,
    0.15
  ],
  "HMMH": [
    0.7,
    0.15,
    0.15
  ],
  "HMHL": [
    0.7,
    0.15,
    0.15
  ],
  "HMHM": [
    0.7,
    0.15,
    0.15
  ],
  "HMHH": [
    0.7,
    0.15,
    0.15
  ],
  "HHLL": [
    0.7,
    0.15,
    0.15
  ],
  "HHLM": [
    0.7,
    0.15,
    0.15
  ],
  "HHLH": [
    0.7,
    0.15,
    0.15
  ],
  "HHML": [
    0.7,
    0.15,
    0.15
  ],
  "HHMM": [
    0.7,
    0.15,
    0.15
  ],
  "HHMH": [
    0.7,
    0.15,
    0.15
  ],
  "HHHL": [
    0.7,
    0.15,
    0.15
  ],
  "HHHM": [
    0.7,
    0.15,
    0.15
  ],
  "HHHH": [
    0.7,
    0.15,
    0.15
  ]
}